event_id,marker_time_s
1,8.657494516534312
2,19.853308255404926
3,32.860635007787316
4,44.47368326974247
5,55.026025634930356
6,69.14149364392821
7,80.62673528477684
8,92.68655433266468
9,103.1074727184213
10,115.88092625094936
11,127.6899152581582
12,141.02423597323664
13,152.3452762881936
14,164.77462787185
15,175.8641940771856
16,187.34537293228345
17,200.131003488838
18,210.95316141465003
19,224.7863148127822
20,236.31599455789296
21,248.6194105762049
22,259.65086232351166
23,273.12967525854776
24,284.9434906911733
25,296.668120392977
26,307.26713289884475
27,319.9201304089449
28,330.90512903788937
29,343.17029478096214
30,356.43931748778186
31,368.58742917417874
32,381.1220233578421
33,391.58198085953154
34,403.6891032944837
35,415.9269339470619
36,427.2547312618023
37,439.1118116128051
38,451.94169182294223
39,463.3445824377221
40,476.407553587238
41,487.8491646052936
42,500.7984276705388
43,512.4806362448054
44,523.5496799393169
45,536.7974235233485
46,548.7314344579923
47,559.7299481096724
48,571.4919874494326
49,584.43798920954
50,595.1354059606623
51,607.2797796859403
52,618.8176694474024
53,632.6886185060051
54,644.3956420558209
55,656.4923969087032
56,668.6737496744528
57,679.901397861292
58,692.164978870287
59,703.1355127955064
60,715.0748721764863
61,728.4041671082971
62,739.9306308947436
63,752.1565666555548
64,764.6359972577984
65,776.3233239680014
66,788.1285905615792
67,800.142097185789
68,811.5294802353503
69,822.8739628029631
70,835.8481217341576
71,847.3150032147669
72,859.7804687449391
73,872.8481673758436
74,883.3614547660768
75,894.9399265800538
76,907.4753213408528
77,919.50462501864
78,932.3885996353446
79,944.136877165619
80,956.6813557018554
81,968.3943524967857
82,979.7753284674561
83,992.7536489231985
84,1003.2007350077785
85,1014.8545089755213
86,1027.0161148658615
87,1040.5336624414315
88,1051.9085053526032
89,1063.1870522696806
90,1076.0025074602481
91,1087.1655490465116
92,1100.4711689001865
93,1111.8707750613776
94,1123.7144509426316
95,1135.5236290139549
96,1148.3126782234854
97,1159.6683502653282
98,1171.0103598063586
99,1183.0832141650892
100,1197.1085543949189
101,1208.9805936576984
102,1220.4792971211457
103,1231.438087907503
104,1245.1260233056346
105,1256.6690021695179
106,1268.5205364539815
107,1279.878467605145
108,1291.4533797484285
109,1303.0313383091684
110,1316.9662457517052
111,1327.8938630956006
112,1339.2856720755085
113,1351.5342958979616
114,1364.1901269654606
115,1375.2242546790542
116,1388.8558742818218
117,1400.6204468716046
118,1412.5267110942823
119,1423.8370232954603
120,1436.305541217686
121,1448.2018351253905
122,1460.3596318437317
123,1471.0026663707358
124,1483.7979377652096
125,1494.8998740172685
126,1507.9855779661868
127,1519.5916669095986
128,1531.1468580532785
129,1543.048167122534
130,1556.2103469732265
131,1567.2094231244885
132,1581.0202882841043
133,1592.194546735281
134,1603.6324875308835
135,1616.2181971795553
136,1626.8547292904714
137,1641.1005421117795
138,1651.957528248663
139,1664.6785645454006
140,1674.9985519998138
141,1687.9679799940116
142,1699.977696786451
143,1713.05078349194
144,1724.1721473257026
145,1735.9363745625367
146,1747.4407415914206
147,1759.5957655936222
148,1772.0496137659318
149,1783.8533875047322
